x,y,z,orientation_x,orientation_y,orientation_z,orientation_w,longitudinal_velocity_mps,lateral_velocity_mps,heading_rate_rps,acceleration_mps2
-50.935886326117966,56.67802112545322,0.22481893202504102,0.022750284625246617,0.036489293604862874,-0.5949497526407552,0.802611828865232,0.8497203119185776,0.0,0.002855268307011017,0.812080990208934
-50.73076739262567,56.00219676162493,0.18061150491258443,0.022203197318797212,0.03544644671963534,-0.5951379767099854,0.8025343332975354,1.73251957627695,0.0,-0.004782163258628081,1.0081995508449586
-50.52702787099487,55.324382915367295,0.13441285955945298,0.021733549228078,0.0351601169728748,-0.5963475141876009,0.8016614380988234,2.086989261713896,0.0,-0.008118306352251596,1.0554594692305557
-50.314107639736534,54.61025551546222,0.08988434956535066,0.020447633093967764,0.03426462542289715,-0.597659118523758,0.8007567719294592,2.4103384249696695,0.0,-0.008793051448096782,0.9667696576026176
-50.11241397535211,53.9168575799991,0.047425344582935715,0.019174333695413402,0.033616035350072966,-0.5992590016356512,0.7996192569300231,2.6015813511364203,0.0,-0.009339891513909175,0.7958315623703451
-49.91347741034163,53.21937838250156,0.008793835730383564,0.018255734811585593,0.033152081343098674,-0.6006780355892746,0.7985947440408808,2.845057946717092,0.0,-0.014252267107222556,0.9037393011078404
-49.72072038052446,52.539993007446924,-0.031190984500102773,0.01758373785083734,0.03271790383537106,-0.6019317166085466,0.7976832450744473,3.0033208330661756,0.0,-0.012300203589739626,0.7441051003435383
-49.519725837227355,51.818706076659225,-0.06935338863676276,0.016818471540965295,0.03173269889687201,-0.6035899321472212,0.7964856361832644,3.2063007192530977,0.0,-0.01484393294171428,0.7525767280451549
-49.3310347011676,51.122746634021226,-0.10705724458340549,0.01582581241209681,0.031046157437831394,-0.605267875842751,0.7952587492399229,3.2908968135562056,0.0,-0.016623263899819798,0.527911713741355
-49.14568424562552,50.413576664523625,-0.1477877231391675,0.015405554937446381,0.032924268972175236,-0.607111409672264,0.7937848560129336,3.3806324448207943,0.0,-0.017106545329329516,0.41190858982395867
-48.95421785188802,49.68072865133222,-0.18476499837556595,0.014651870797117439,0.03395519527827466,-0.608698956177658,0.7925389253178601,3.4616376942513605,0.0,-0.014042404037201302,0.40393859644971314
-48.77742054466397,48.99977026015092,-0.21464395113810392,0.01446231585801277,0.033660451412586674,-0.6101066980192976,0.7914718140671299,3.5301313685349256,0.0,-0.012903962068967613,0.3794724151763702
-48.60242958302507,48.29529242098642,-0.2482179897430416,0.015010431645471547,0.03341324941828261,-0.6119386965217993,0.790056500134218,3.5780731450885317,0.0,-0.018599433438582322,0.31926766203411716
-48.42069737983334,47.5783077979399,-0.29031816914255915,0.015006370018499665,0.03319398974928084,-0.6133248766243811,0.7889902176941614,3.6380467519862245,0.0,-0.019550180847671544,0.31507191377324567
-48.24107428882208,46.84849110354819,-0.3270040747786724,0.01419422073843923,0.03341318927365606,-0.6146839746319106,0.7879376207612555,3.689042860448776,0.0,-0.01008080743958572,0.25184411735456563
-48.068421476433564,46.12461122637735,-0.3563552834930977,0.014824547913871961,0.033875540756157604,-0.6163742277412895,0.7865847010296834,3.721766820021471,0.0,-0.015039307661428082,0.2105947325060693
-47.88851103057237,45.38971494508851,-0.39955935085949595,0.014862387290598182,0.03315514427165315,-0.6174590560819164,0.785763424902673,3.784093032129722,0.0,-0.01625863870932326,0.24822868630176287
-47.708166742305664,44.657154152964104,-0.4401188284809442,0.01465639028655998,0.033652033479837196,-0.6179892089558752,0.7853292739230671,3.7823246796697036,0.0,-0.002320334963875686,0.1103231249461414
-47.524289902636916,43.91545958392298,-0.47800840201735,0.013386815212282951,0.033852829395903485,-0.6172964578875179,0.7858879450658903,3.8361981915481858,0.0,0.013511156664744338,0.2082352682999546
-47.35117852662281,43.232699582990335,-0.5001252081650225,0.011346985512871879,0.03374268342778412,-0.6161668702105357,0.7868106921552451,3.9364232756896174,0.0,0.01565133425574611,0.356303730027547
-47.17964000110226,42.553965792248725,-0.5242543962236881,0.010555833314444306,0.03296382169367488,-0.6146876021633804,0.7880108581669537,3.8763442071607948,0.0,0.015262156089290614,0.00933405615874387
-46.98392905461932,41.80655062884014,-0.5746794049785929,0.009841899130157945,0.03211879741728569,-0.6138271590446123,0.7887253886449956,3.8823869823153405,0.0,0.009016226184468146,0.03794351492063871
-46.781985195077056,41.05683698759146,-0.6061238875894998,0.007997614336811586,0.03453726358448522,-0.6133728687318405,0.7889974267972537,3.8265042007285675,0.0,0.002065189290953547,-0.15899594756967744
-46.58346393864273,40.31252884902538,-0.6075644993547578,0.007760668780862267,0.03488705305871529,-0.612525979894351,0.7896420641679477,3.810673916085646,0.0,0.011219125572382213,-0.07556349321081716
-46.38251985046081,39.566683714805386,-0.6486851280188695,0.008478291992186216,0.03264997717640921,-0.6116010607870007,0.7904468609587177,3.8650555762269114,0.0,0.008078034240466119,0.15095620750838423
-46.20315666375794,38.889412690071254,-0.6700198235119584,0.006573103142346487,0.032115247934210917,-0.6112521360992832,0.7907567459587477,3.887661427397387,0.0,0.003927981071113295,0.09622342699567692
-46.021665015397744,38.20402750920549,-0.6898793147088187,0.005070736538093109,0.030866627854954892,-0.6109375247038851,0.7910606043941988,3.903485547868289,0.0,0.004628374920904895,0.12860831191930336
-45.8416047930314,37.518097286039676,-0.7089786272811336,0.006789199723919139,0.029743178295079144,-0.61084341186291,0.7911634321021764,3.9229716484980632,0.0,0.0022999457869207706,0.11052191297047644
-45.65669947777528,36.82978392877381,-0.7352085924416545,0.007200642046147237,0.02901162649564912,-0.6109154324379537,0.791131348570734,3.9126868813490714,0.0,-0.0002683824899966298,0.06738138423366702
-45.477542554611944,36.14149288733837,-0.7516162887673817,0.005297607712945209,0.027940238102253774,-0.6113366132345625,0.7908595474331737,3.918621694482443,0.0,-0.00422016200006274,0.027523703870768843
-45.29743952706186,35.453566901685626,-0.781328182364699,0.004538231876385473,0.02705461960128199,-0.6113817612825114,0.790860160825389,3.9258483743791137,0.0,0.0009285799092032574,0.06461200618297464
-45.11825653369139,34.76743245079401,-0.799963252760026,0.00393128906956723,0.02578383359435261,-0.6116939248848627,0.7906644554742438,3.9324002432384377,0.0,-0.002621268421304032,0.036033666177926076
-44.93472010531499,34.07602600590856,-0.8143497526017747,0.0034537550877794115,0.026453296121323203,-0.611589008316732,0.7907257296978942,3.9252081435441313,0.0,-0.0006619445701838442,-0.005232305217365804
-44.75065700096813,33.382289394515475,-0.8217118162182597,0.003149707172312992,0.02747033704367833,-0.6117879731401598,0.7905383835390224,3.93335216631716,0.0,-0.001475323871894343,0.0026611379138364024
-44.569206872109476,32.694081330235306,-0.8335849361089351,0.0031976152647368774,0.027867055456455056,-0.611605659148298,0.7906653654831363,3.9297329413901765,0.0,0.0013207161902395888,-0.028708580959539206
-44.38780592196225,32.00762117269999,-0.8510590073225425,0.002607176181394919,0.02795229724840887,-0.6117475366525524,0.7905547565541744,3.9025199800500863,0.0,0.0013626420870627887,-0.05846147003269181
-44.20817847487251,31.323650571380483,-0.8657433362391971,0.00222643219349797,0.02775987702393022,-0.6118184346263538,0.7905078337870298,3.894499899410764,0.0,-0.0002651787892227369,-0.056557235013645416
-44.0311373565324,30.63556331994533,-0.8826746096771089,0.0025139794794731083,0.027140229156879612,-0.6119062758721092,0.7904604970628291,3.9075057437010843,0.0,0.0013357348701780614,0.018654479965249805
-43.85658908863718,29.944848566428885,-0.9074252487550579,0.0020863585244055086,0.026500204126246252,-0.6121332007126983,0.7903077444101142,3.9148150604134053,0.0,0.0004793776455103809,0.0173895982474037
-43.685144735653985,29.2601397426559,-0.9199981023715362,0.001991025280514409,0.02624159831245553,-0.6123853727063049,0.7901212372995046,3.8911320570759154,0.0,1.2094295694205395e-05,-0.04871288950067583
-43.51328662409388,28.57236571107107,-0.9324939396624915,0.002594624520367579,0.02576518911291744,-0.6127077548094092,0.7898852006146125,3.8845694280618357,0.0,-0.0006443146497314934,-0.04523251986196676
-43.340844559650904,27.88716272347741,-0.9460930917068073,0.0023265454145166772,0.025141156483452914,-0.6128281933896785,0.7898127086998864,3.890045419573345,0.0,0.005700354472411998,0.07699504693679557
-43.16846804452924,27.200785755650614,-0.9615180929132195,0.0016216371359357926,0.02441563939702559,-0.6127335259883855,0.7899106740484485,3.8873840126262205,0.0,0.0025654871908384704,-0.017990643106451234
-42.994282669238345,26.51743708569596,-0.9777273331036812,0.0014796386057023773,0.023735932479076096,-0.6127114862883531,0.7899487646355694,3.886562513762229,0.0,0.0038062143494696984,0.013462300343818987
-42.81858435105438,25.83305189258418,-0.9949130731501635,0.0014585639639586485,0.023411028127439712,-0.6124387261321415,0.7901699836660583,3.8851224274894527,0.0,0.005092252589248458,0.0013636683907968057
-42.643561564715476,25.14374520031069,-1.011498998549285,0.0010279932964476178,0.02341181056464345,-0.612251429601694,0.7903157706300373,3.897908182350576,0.0,0.0032495118317562533,0.030312212750592038
-42.46948394886683,24.45683957288443,-1.018407379796074,0.0007805550535101725,0.0238418354252942,-0.6123505164760903,0.7902264248864543,3.8914246797595804,0.0,0.002331744854818557,-0.0028308556944749872
-42.29569375105342,23.768642685235797,-1.024740215201837,0.0006514627167750978,0.024133061908774008,-0.6123781888941107,0.7901962570690934,3.888571358057389,0.0,-0.0037130692627475514,-0.01147920647231885
-42.1241412148433,23.082566132538755,-1.0382625579270612,0.00034331974982554185,0.024158190071809506,-0.6131099269009413,0.7896280653063986,3.9021506708246867,0.0,-0.007574167637372738,0.00964798861415058
-41.95431603021201,22.39489560302043,-1.0519190968127812,2.2157775831050525e-05,0.02421582780084614,-0.6136453653819176,0.789210338717281,3.8962133761331765,0.0,-0.0028621970992159483,-0.0006779281045281582
-41.78357390261094,21.710363212700052,-1.0679687080460782,-0.00010768647151707979,0.02392437654318365,-0.614093671542522,0.7888704425836152,3.8876858947859585,0.0,-0.0012543668967348303,0.008039235803636982
-41.597293033280515,20.95700434200998,-1.082770678864814,-9.996321744971774e-05,0.023427414748257627,-0.6143914508522909,0.7886534672244746,3.8921150074191666,0.0,-0.001237936508681181,0.013065316675820253
-41.42872414767244,20.271311093732358,-1.0932867956506485,-0.0002603341793211613,0.02335052607247212,-0.6147171627087806,0.7884018613813137,3.885375961454418,0.0,-0.002273852512974485,-0.019733468040194442
-41.25770403750734,19.58313168421545,-1.102690120318288,-0.0008180170263149874,0.02346814175935343,-0.6150130696882212,0.7881671785117538,3.877647619922039,0.0,-0.003013253623739369,-0.02958399201624641
-41.087671595162874,18.893019099125862,-1.1145641195670422,-0.0009371234560621236,0.02323270385337138,-0.615448159957341,0.7878343262872041,3.871441088913657,0.0,-0.007530272458503014,-0.04393525850107967
-40.919119786282295,18.204586918597588,-1.1265899580635226,-0.000736288942456767,0.0226320680541472,-0.6160541458426001,0.7873782679019848,3.8613312038271266,0.0,-0.005480605602854596,-0.05069184281066926
-40.754852647214,17.523241539308025,-1.137294548421581,-0.001103794279661282,0.022283870904905516,-0.616632164797199,0.7869351841627122,3.8360690890924523,0.0,-0.008035829039328953,-0.07236157227908385
-40.590821267122934,16.840408022121665,-1.1467143818939287,-0.0014805616147960839,0.022527182833867086,-0.6176506526491736,0.7861284915666934,3.8274624457848248,0.0,-0.014746103351451972,-0.08581918482176093
-40.42865511238517,16.156586264180916,-1.154068002250469,-0.0011053633853088593,0.022821450577546525,-0.6187236986022056,0.7852763490347395,3.818666435933129,0.0,-0.012794003072579444,-0.06630177431256151
-40.25239794706832,15.405479778356629,-1.1640762868436596,-0.0003780559137403997,0.02277480972311715,-0.6199567109227772,0.784305324282332,3.799414824486555,0.0,-0.012512229330502087,-0.06735622005392966
-40.080287697566135,14.65484352580974,-1.1706730542420805,-0.00020504587358297424,0.02305013045288519,-0.6208219188334984,0.7836126559328835,3.7863282358979338,0.0,-0.008163163730048224,-0.055666775335895896
-39.91070003880969,13.901850207215107,-1.1786362336218903,-0.000477581278607123,0.023524658118506358,-0.621871686246829,0.782765589573951,3.771699034549893,0.0,-0.01215938775463435,-0.06891269364805865
-39.742872343583244,13.151740886977006,-1.1886895953766432,-0.000141176746025682,0.02324904887194803,-0.6230439097389999,0.7818412552000675,3.7558710259716492,0.0,-0.013978594827188546,-0.09206396404875267
-39.579395689564635,12.414673257608765,-1.2104126056948246,0.0004387351570539332,0.022311332633758216,-0.6243175172009721,0.780851874342107,3.7558004287672557,0.0,-0.013239680332438527,-0.04197548824689916
-39.41637319276411,11.678151801814815,-1.2137322857455672,0.0007211671956735156,0.022370033670535736,-0.6258023000002378,0.7796605305040567,3.7494434185492116,0.0,-0.01950633603006448,-0.024696445643736232
-39.25536843992818,10.940060452864829,-1.224867220631841,0.000569551627164858,0.02237932363390186,-0.6276143977074325,0.778202421786883,3.712672210837483,0.0,-0.02190275978692159,-0.13890041743414283
-39.10393140259498,10.211942976655125,-1.2375053846915847,0.0013929530714789102,0.021528146249873335,-0.6296981389896926,0.7765403095485143,3.7191231744164646,0.0,-0.023303463564456107,-0.08080155434926801
-38.95452834067053,9.485200262244858,-1.2472080355919364,0.002381389862055024,0.02089907144656024,-0.6314328116505522,0.7751452523018346,3.719048243253808,0.0,-0.02148178381990687,-0.028037301688254065
-38.808390645190094,8.763288426570995,-1.2623602395839368,0.002598141521619265,0.02074205370905595,-0.6331452943160782,0.7737506401638521,3.709722714230538,0.0,-0.022077960203010234,-0.044785611164705016
-38.66510738266315,8.040385105893394,-1.2743182791058478,0.002878011870082426,0.020324543667668178,-0.6347838430144594,0.7724170522587981,3.706183078832924,0.0,-0.021057126871542094,-0.009203562342296065
-38.521051572999404,7.3164824285619225,-1.2836991231958519,0.0032664842082390337,0.020064985554933638,-0.6365179989722028,0.7709938802740398,3.6979513464667235,0.0,-0.02418014151744493,-0.02535677938197161
-38.3813224621515,6.592675639293655,-1.2915383651003947,0.0031870235839733824,0.019656000710502164,-0.6391195121416169,0.7688496171011635,3.679771595693991,0.0,-0.035823993679547035,-0.050803684465524704
-38.251716553754754,5.872064727310387,-1.297729264836222,0.002735720205398086,0.019244187662865758,-0.6417733861511469,0.766647962173151,3.675095254040215,0.0,-0.03284630430639132,-0.03448871457144235
-38.12562307205181,5.1434391223280596,-1.3058571080714227,0.002379403364947642,0.018799176835432207,-0.6445921388993462,0.7642917661855995,3.726229415559251,0.0,-0.03679321777942796,0.15051318379956913
-38.00182594380554,4.397537267110847,-1.315270885572394,0.002066237406241546,0.01805857699025367,-0.6473075137426592,0.7620122053565582,3.799223320268189,0.0,-0.03416938429292864,0.30521743932853923
-37.88130329122361,3.6371688401218383,-1.3250799230022088,0.00155394336108991,0.01735772357493733,-0.6501867718706134,0.7595745232541686,3.865546791529378,0.0,-0.03321448370672988,0.3264423288203903
-37.76549031625458,2.86830502652585,-1.331727799299207,0.000951435023244903,0.01772860195156134,-0.65275257562792,0.7573631008012973,3.909381940982879,0.0,-0.03574802379587593,0.2822556392004932
-37.66309274488554,2.1597140610990264,-1.338088231741156,0.00042785561140884325,0.018162775430777097,-0.6554443093779763,0.7550249584167763,3.953165632545884,0.0,-0.037535710458979216,0.2301975766462176
-37.56699773003897,1.4461665142382893,-1.3451035012579557,0.0005474950155980266,0.0174184636968555,-0.6582382986594842,0.7526078922981853,3.9799078948764275,0.0,-0.03872628084856831,0.18321019424088414
-37.473674199308256,0.7318464013693436,-1.3480935705337276,0.0006138201135036398,0.01676740180631258,-0.6609456796360246,0.7502461502946932,4.011416398993464,0.0,-0.037989626846104144,0.193553129899736
-37.38641691727904,0.007496318880870879,-1.350385131934194,3.7388426616668385e-05,0.01713555713045322,-0.663356751479717,0.7481070722498294,4.056047056267877,0.0,-0.03214151810318224,0.22872553295713152
-37.301028623462244,-0.7281957424170747,-1.3591550078750354,-0.0005758563274032465,0.018079338166953333,-0.6658296173990603,0.7458845262607047,4.087201863013377,0.0,-0.03916107223035093,0.19717696156068915
-37.22149648578398,-1.45976327035377,-1.3621099852355814,-0.0003244679524453467,0.01893757652116765,-0.6684605815101579,0.7435063643864485,4.106214083440894,0.0,-0.03735512275633291,0.12502006546813496
-37.14690020875339,-2.20286508182766,-1.3613811869646786,0.00010003235475906751,0.019717625232500334,-0.6714851005966288,0.7407556715445748,4.154751891670368,0.0,-0.046053858720524886,0.22970910091148963
-37.078288270884634,-2.969135522402341,-1.367880193905633,-0.00013264594817854504,0.020103954518815727,-0.6743744099437371,0.7381158233169062,4.176639408653701,0.0,-0.03854665151675062,0.1692291872953282
-37.01392929592351,-3.732415736339272,-1.3777876201082786,-0.0005896748005727471,0.02050701370320228,-0.6770869941007401,0.7356169635701928,4.184595147438469,0.0,-0.043581036736549075,0.1023170802047201
-36.95476538014156,-4.484956291566325,-1.3797617897556855,-0.0013724598182485205,0.02148917046178315,-0.6798919127586709,0.7329961247320941,4.177527451768295,0.0,-0.039307725145739277,0.029753349702919686
-36.902669329303926,-5.241846226662742,-1.3840403893228228,-0.0025880263052395734,0.0218258472990755,-0.6822066757925024,0.7308289717941292,4.162748019744582,0.0,-0.032229089105096566,-0.055583629883584305
-36.85119557595192,-6.001274290021319,-1.3982118744131875,-0.0038323285010819965,0.02136273932961097,-0.6844577825982353,0.7287293670954272,4.160106407184664,0.0,-0.03334156888385923,-0.04086614097480165
-36.80121031404227,-6.7645208558530285,-1.4061357396242526,-0.003959338674661549,0.02138499391439995,-0.6865509987415865,0.7267563084001889,4.172208630980261,0.0,-0.02966652577707479,0.023806216442999965
-36.75500068998081,-7.521643345697512,-1.4078505644790669,-0.0038508988302364162,0.022058786214555384,-0.6880871509272432,0.7252824644631697,4.19175401191628,0.0,-0.019386494699336173,-1.0529744533346007e-05
-36.71249327763437,-8.301260569475927,-1.4149747442619376,-0.0034655166175060655,0.022680048219985108,-0.6889401904421798,0.7244549810725344,4.153621411779666,0.0,-0.011155342051155773,-0.0831882611610759
-36.67194020005326,-9.060250167391748,-1.4114752837948936,-0.00274266090047132,0.022990100618139143,-0.6892881049912554,0.7241172842864042,4.132656103086838,0.0,-0.0017034408364514832,-0.14458202956810542
-36.63306554382606,-9.808090520366724,-1.4178496124712485,-0.0027703782758974217,0.02207036441036258,-0.6895698572076165,0.7238775007207154,4.125738785979935,0.0,-0.0033176375043099085,-0.07031565887644911
-36.59730324090142,-10.559412193204466,-1.424195322929094,-0.0030970323633586344,0.020997552619545536,-0.6900867478370648,0.7234153659096502,4.110800543515811,0.0,-0.005895273765701698,-0.0820343229044338
-36.56336011321308,-11.315051933549485,-1.4285162778068112,-0.003223898973641535,0.02036531359392346,-0.6907695210889164,0.7227809690440238,4.094235060590081,0.0,-0.01112454982699404,-0.0712470157637751
-36.5309075205065,-12.052415269687781,-1.4337591585159049,-0.0032633705556262237,0.019714877879032616,-0.6916164773441846,0.7219884502323098,4.063502391963776,0.0,-0.011177426301561745,-0.13131845786776095
-36.501267119882115,-12.78205122583781,-1.4376846181958962,-0.0035850836631380525,0.01887106151519121,-0.6924203505837536,0.7212385793271806,4.04842549519178,0.0,-0.007754868623027231,-0.0829724567428733
-36.47412038137164,-13.515167108514703,-1.438866366793639,-0.0035634689639957844,0.018885820974344054,-0.6934661751041589,0.7202328036416253,4.0306439176593925,0.0,-0.014772656899741847,-0.1061669402175713
-36.44752862571636,-14.258763912758377,-1.4409044879947766,-0.003232533312198525,0.018747896917362842,-0.6944608621437366,0.7192789292340903,4.019072076816857,0.0,-0.012376634082585974,-0.11420021698291015
-36.42285803854161,-14.994159289142349,-1.4388742574037576,-0.003061640460209524,0.018478109948566388,-0.6953542230969779,0.7184230579760225,4.007710901335913,0.0,-0.009679947464176886,-0.07103157601464882
-36.40133473011117,-15.718529726917193,-1.4326996797902503,-0.003468944371044164,0.018905898548398713,-0.6961676435076596,0.7176218680879369,3.9831574313718208,0.0,-0.01241697630800662,-0.10251233977119974
-36.37743719721062,-16.438682702805455,-1.4344618000981326,-0.0044401756098914075,0.019544127975269453,-0.6968841117715013,0.7169036522871712,3.965006069925244,0.0,-0.013718443710877215,-0.1580038329951241
-36.36028355180735,-17.161513807038894,-1.444490447722689,-0.004874766511262911,0.018833632028376318,-0.6980428470011444,0.7157916699058583,3.9481231901845804,0.0,-0.013391220748278136,-0.10442863067178414
-36.34626726781804,-17.875652008955328,-1.4314781957356417,-0.004976351656147575,0.0186600841106769,-0.6990155273440231,0.7148456684607764,3.916594908334928,0.0,-0.014455724975723035,-0.1280005212178942
-36.33128526162561,-18.583169545902006,-1.4268227768013335,-0.005794160784723061,0.019472753176566347,-0.699871319233477,0.7139799549699681,3.9099010210795875,0.0,-0.009569250455511814,-0.10094155609478066
-36.317316904459084,-19.334405644422784,-1.4329117402778955,-0.006924052592538931,0.0196348910746001,-0.7007407604141785,0.7131121337085374,3.8907818789900994,0.0,-0.013192835854226224,-0.10939843365831407
-36.305607740140886,-20.038705670052227,-1.4334022193625955,-0.00746973600391438,0.019475091883476583,-0.7014392103676266,0.7124240015601682,3.8603248602650013,0.0,-0.0036199414514290615,-0.1041180566011024
-36.29390475906099,-20.815018579791726,-1.4240018085066868,-0.007805910786483905,0.01916808401734993,-0.7016465572899704,0.7122245158340379,3.83724154108076,0.0,-0.003181559066797701,-0.08997272744921983
-36.28502193727419,-21.582831538980937,-1.4267811323574153,-0.008488597402693535,0.019350251532726334,-0.7020558789720365,0.7118082988281017,3.8268794701182163,0.0,-0.0006723281749254416,-0.04852461792583715
-36.274177885650595,-22.293286666192603,-1.4150194493432775,-0.009370148603889643,0.01969160026462029,-0.7018805969686737,0.7119607213836011,3.764170661007867,0.0,0.005167554558736574,-0.24865145392570748
-36.26679116155922,-23.058024258644856,-1.4101206506692303,-0.010769722507978627,0.019819720495036365,-0.7020771567934382,0.7117435336309295,3.7282511254461213,0.0,0.0031709026299437362,-0.2089442674182574
-36.25821157936781,-23.82126964421826,-1.4149968932897514,-0.011745528093208902,0.0190846531825892,-0.7016261002743523,0.7121928348393546,3.7053178734364134,0.0,0.008982502282373411,-0.16688481572288708
-36.24727562285109,-24.558096558592528,-1.3986754652223723,-0.013159826070182287,0.018967642279364087,-0.7013185144624081,0.7124741320191251,3.6758102437250946,0.0,0.009053391631787526,-0.14341199250700937
-36.23816332175596,-25.259467920599892,-1.3858735263853168,-0.013672589370453583,0.019668022283945492,-0.700458229997059,0.7132913130192545,3.6368154552482443,0.0,0.013610600126747724,-0.13680834327807842
-36.2302134342751,-25.97235010698601,-1.381008162065776,-0.013929086934955339,0.020340986361075074,-0.7001012988877364,0.7136178221616395,3.62186629217758,0.0,0.014719258036838078,-0.22473128820560992
-36.225953491790285,-26.700293578070788,-1.3750762040384303,-0.01387079821267528,0.021154920861236826,-0.6997383566873305,0.713951190531126,3.604503581133212,0.0,0.014260235661986219,-0.07878746972801573
-36.2111915607466,-27.467805916842657,-1.360178299060209,-0.013821853965350397,0.022789586305479108,-0.6984972452138289,0.7151162070165085,3.5518969393968187,0.0,0.008803329268009991,-0.1756729409811826
-36.194161356332756,-28.206697016630457,-1.3644463631374084,-0.01375879229004903,0.023148410738664874,-0.6978638016091274,0.7157240816953484,3.5445125550618437,0.0,0.015849054883576952,-0.05066575919205749
-36.18388318709207,-28.92502918535756,-1.3684161366584915,-0.012389128925560475,0.02288361165532795,-0.6977059232796627,0.7159115129836559,3.5356735998134963,0.0,0.00715598867679059,-0.09433401611929128
-36.16223175528914,-29.694732938778838,-1.35486251917961,-0.010752796573680293,0.02244328963827465,-0.6965968773015097,0.7170310081508632,3.513374733910191,0.0,0.016015745538068425,-0.07091917683516658
-36.140029443649496,-30.459840687074657,-1.3405919909524302,-0.011485113756165528,0.02343180409331691,-0.6954350938629059,0.718114944102148,3.4991818377819,0.0,0.01751213818935844,-0.10561120983625
-36.11704961325131,-31.224787552490415,-1.3581154692698212,-0.011814024731354037,0.022410687033433387,-0.6945703217228306,0.7189786214541987,3.4711359410558313,0.0,0.009169530018004232,-0.12223652541545574
-36.0918757265261,-31.97806414227245,-1.3587663681061166,-0.01012926323786217,0.020190296046563562,-0.6938647144782155,0.7197510041492645,3.472457230426525,0.0,0.01130380700751309,-0.0034356292481542063
-36.070487287767094,-32.719914370406386,-1.3412571039267174,-0.009107253266273006,0.01976834841242911,-0.6935399076034342,0.7200893464705672,3.4526148160031087,0.0,0.005639101729166637,-0.05621886526899374
-36.04702699780688,-33.42695136201748,-1.3456708747193986,-0.008929266416260476,0.020306782300612815,-0.6934346786124782,0.720177928911649,3.422350904241272,0.0,0.0049359694257572915,-0.1288323643227246
-36.01950661836103,-34.168176002959804,-1.3543294148049976,-0.008202745051424605,0.019528371014495435,-0.6932166106193163,0.7204179956529463,3.409708455026794,0.0,0.002621371431867949,-0.08682883991496188
-35.99486768472836,-34.884101421953815,-1.3239659107342414,-0.0074191219121752545,0.01903441949619979,-0.6932122030028103,0.7204439527905593,3.403062102007475,0.0,0.0008818969132421146,-0.08063432763094772
-35.96656432190341,-35.62658696389267,-1.3294844970924626,-0.008260127438898066,0.01973080473526716,-0.6933074772106727,0.7203243767102184,3.374951871466664,0.0,0.0025228055086989397,-0.06228838402102223
-35.93751652170213,-36.36091314631773,-1.3385485503120198,-0.007692161527065446,0.01866748386949113,-0.693550108584015,0.7201254075368574,3.378031051218962,0.0,-0.009226940388829518,-0.003260278846403397
-35.91566241958054,-37.101129333046565,-1.3208947013528436,-0.007424664317099984,0.018238810529972675,-0.6942053193829867,0.7195076057211597,3.3552031136802922,0.0,0.0018827411197706492,-0.0658236630090761
-35.89407508447618,-37.83037576846485,-1.3127418922087826,-0.0088187405386395,0.019517683058166726,-0.694714008930609,0.7189671311394666,3.324318626562709,0.0,-0.00427995158161051,-0.09670589593518639
-35.87514186769423,-38.54047509064476,-1.3185701971424413,-0.010069590020516373,0.020077190155334684,-0.695343236746789,0.7183267313018388,3.284610827178087,0.0,-0.001211501056320155,-0.17958520202114941
-35.85895967426578,-39.24858395745386,-1.3202113634213763,-0.010665086538014923,0.02025285501160596,-0.696042910039629,0.7176352452162451,3.281695569581476,0.0,-0.0008411915112261021,-0.06806885111335675
-35.84453913814213,-39.98094821336903,-1.3152185949611999,-0.010529155837446739,0.020328559000675653,-0.6964092492162177,0.7172796136601197,3.2788112311784503,0.0,9.101415154666708e-05,-0.053836803042933104
-35.82614077482872,-40.70053630390912,-1.3040025080824194,-0.010057744678901564,0.020622111359418965,-0.6966766301343684,0.7170183005472552,3.2470760342047855,0.0,0.007446306105094184,-0.10432567019623021
-35.80889526038046,-41.435764819159004,-1.2970637300813337,-0.009686201169740272,0.02125546990625289,-0.6965739907213419,0.7171046352914667,3.2370762979282652,0.0,0.0026527681239762574,-0.08146443055221288
-35.79268629436729,-42.1646356340651,-1.3079476400345005,-0.008806057717038938,0.020982500956220312,-0.696611381238045,0.7170877014220294,3.2299251419920734,0.0,0.008110193852959593,-0.04886652919951644
-35.7773488524004,-42.88113035522339,-1.3131066342318798,-0.007399605004156048,0.020116674018462465,-0.6968055539916297,0.7169397360996498,3.2267045931175207,0.0,0.0028670478104065623,-0.023091727960683078
-35.76268960998829,-43.59366872369058,-1.3010062435971466,-0.006947049352157014,0.01998093936925977,-0.6965287047180632,0.7172170271758735,3.2103691792602613,0.0,0.010313351316720997,-0.07728990115782212
-35.74336916965935,-44.297811965685035,-1.3039988606317712,-0.008385368826990492,0.020862801615230377,-0.6959129970149305,0.7177740101759719,3.1761677923699296,0.0,0.010276406896311667,-0.1737233772588535
-35.72284648423152,-45.05014539642567,-1.315514712844508,-0.008795951607776962,0.01956396851740762,-0.69533478917463,0.7183657935443726,3.1805950830705703,0.0,0.012087374667069318,-0.007244156364395845
-35.70579484144303,-45.7976515556284,-1.3022774585517487,-0.008422995951049568,0.01807785834618637,-0.6948903630101027,0.7188390832255237,3.159126268999044,0.0,0.0062212661979318675,-0.06489371504301063
-35.68566449506567,-46.536923277607244,-1.2912376530113974,-0.009202180607491449,0.01834260289759567,-0.693892962901115,0.7197856797876157,3.1171324909556937,0.0,0.015299544822638417,-0.10809990829168635
-35.66425928836144,-47.2519278374788,-1.282941666911915,-0.009907738808084966,0.01988998347757139,-0.6929555057550107,0.7206378371365121,3.0985867251925585,0.0,0.018324372705354426,-0.10698987826267412
-35.63977531642728,-47.95579637466309,-1.2843312498121309,-0.01046870642323158,0.020884170622539115,-0.6921581801897062,0.7213676671432584,3.0681173604687935,0.0,0.005654367070003346,-0.13366312548160403
-35.615869637192304,-48.66064321259358,-1.2874265884771599,-0.01031682443555046,0.021560787076950402,-0.691902951185052,0.7215947628244015,3.050591965745869,0.0,0.00698665732873979,-0.15157458673989227
-35.587798979128934,-49.417797054909904,-1.2871588450617424,-0.009102167210440548,0.021686089984252997,-0.6914679403734807,0.7220242042265098,3.0407166176823326,0.0,0.007107197402670086,-0.05369895803669483
-35.55931986244988,-50.16529378168943,-1.273557542442778,-0.00802794278784376,0.021376681202430237,-0.6910502511281612,0.722445942649739,3.014658135848208,0.0,0.009087792501172202,-0.10158829065907266
-35.52648555824544,-50.90283178853609,-1.2785915072847898,-0.008383382924551794,0.02126528152310462,-0.6902361171713766,0.7232230701828207,2.988260324256869,0.0,0.010086314873966521,-0.1383316088532696
-35.491063257467474,-51.63347850790957,-1.2904496728636052,-0.008475443350621597,0.020323621707755493,-0.6893861763076482,0.7240592635804135,2.9544992820514393,0.0,0.006262689006721996,-0.11883805519484097
-35.45677860569417,-52.35857581342838,-1.2870829990669705,-0.00742461161261414,0.01959253985676963,-0.6887855831304499,0.7246622854792492,2.940282408048364,0.0,0.011572654606803508,-0.07001505424211989
-35.4222023642063,-53.068465821477666,-1.2690097066241046,-0.007314373511491331,0.020351692732153127,-0.6880962637370657,0.7252970704298761,2.877706461536009,0.0,0.008457568014430044,-0.21204559149602223
-35.38206978164735,-53.817314334810916,-1.27872932226272,-0.007236658935842064,0.02068542904452728,-0.6874896120367702,0.7258634700370461,2.8550034286538692,0.0,0.006872201765051397,-0.13500731951262943
-35.34412554195935,-54.573283637910826,-1.2797150022607868,-0.0067868283948526245,0.020507177135777432,-0.6871167590661091,0.7262258285524877,2.8142135445566177,0.0,0.0021280373394418663,-0.15621600530576957
-35.30561022310824,-55.3173854253416,-1.2741474248962583,-0.007220914403190398,0.020841256453318496,-0.6865818891063882,0.7267178338087843,2.7735651932283205,0.0,0.0068867549083369665,-0.15141035050635498
-35.26541054567064,-56.04506600458931,-1.269773109880305,-0.007698513304180826,0.020885231983784447,-0.6860970535758253,0.7271694252734091,2.728237358665378,0.0,0.007215152974782242,-0.1712067081897807
-35.22543468353382,-56.75276712541393,-1.269691949072078,-0.007766504744075503,0.020510656603836892,-0.6854612025806586,0.7277787672956783,2.6984238485879373,0.0,0.008370183050969504,-0.05169006253664141
-35.18631173747521,-57.46550027558899,-1.2754515132713622,-0.007740722854176088,0.02123410596157833,-0.6846682994421676,0.728504299021411,2.6704585902634457,0.0,0.006807593555194939,-0.09650453802220134
-35.1434541175473,-58.164615531624904,-1.2822055989009575,-0.007504282645987054,0.021941106364149636,-0.68378541737029,0.7293145937009794,2.646247573194493,0.0,0.01439431617075317,-0.11225495120473922
-35.09093438719377,-58.91446678546572,-1.2763396979013244,-0.00738809898783209,0.0230398383077854,-0.6828101326813559,0.7301951140289602,2.6124493462670197,0.0,0.009479425998083199,-0.10433167821780534
-35.037134607210774,-59.63816649823648,-1.275378584848004,-0.007923648526695087,0.023463688197788886,-0.6818939592168594,0.7310316679280993,2.5863873621063838,0.0,0.006083821715504276,-0.09909705396551963
-34.98501723436011,-60.36152697242224,-1.2781392305879116,-0.008995403792681475,0.023509993408401673,-0.6810353278393999,0.7318177677231023,2.542078845175352,0.0,0.0035801518623082202,-0.17878773495429914
-34.933496743577216,-61.0760885010993,-1.2845662395965778,-0.009559880476778162,0.02263294316588534,-0.680258219860833,0.7325606547451823,2.4850652971387026,0.0,0.012392982777443676,-0.2509576102817843
-34.88076688030455,-61.80715003108952,-1.292607630678609,-0.010048592437348758,0.022605763500301714,-0.679551652803818,0.7332104448370848,2.38075217566463,0.0,0.01639212419890905,-0.35041069818258697
-34.82651971105041,-62.510123979774164,-1.2892189561096046,-0.010016630687991416,0.022566721818557667,-0.6788541164003866,0.7338579554806738,2.305382625535622,0.0,0.014389132490316437,-0.27794918628396686
-34.76814686773983,-63.246374424361534,-1.2881456297464515,-0.009986183381152218,0.022557739849304946,-0.6779193523106842,0.7347222443053099,2.243483965874653,0.0,0.010009041532200252,-0.21378766970392338
-34.71000062614912,-63.96089115746197,-1.2963478082617301,-0.009323520007366625,0.021767872071170497,-0.6771367926640226,0.7354760334238267,2.181272707205458,0.0,0.003209461908220907,-0.18051534881114012
-34.64920271220748,-64.67486527559274,-1.308148439614973,-0.008947260627690086,0.021749861815814616,-0.6762983205359612,0.7362523152279328,1.9527594026577906,0.0,0.003936205020518818,-0.6018146154611699
-34.58952085816475,-65.38432123530023,-1.289322940333854,-0.006147048709462328,0.023015277475067767,-0.6756203377442709,0.7368647569406657,0.0,0.0,0.0,0.0
